
{
    "region" : "us-east-1",
    "configuration" : "Release",
    "framework"     : "net5.0",
    "self-contained" : false,
    "application"    : "RestCmpMgmt",
    "environment"    : "RestCmpMgmt-dev",
    "app-path"       : "/",
    "iis-website"    : "Default Web Site",
    "enable-xray"    : false,
    "enhanced-health-type" : "basic",
    "additional-options"   : "\"aws:autoscaling:launchconfiguration,SecurityGroups\"=\"sg-03fc7719a1dd19c56\";\"aws:ec2:vpc,Subnets\"=\"subnet-0769b86fc5d5c5eeb\"",
    "solution-stack"       : "64bit Windows Server Core 2019 v2.10.2 running IIS 10.0",
    "environment-type"     : "SingleInstance",
    "cname"                : "restcmpmgmt-dev",
    "instance-type"        : "c1.medium",
    "key-pair"             : "",
    "instance-profile"     : "aws-elasticbeanstalk-ec2-role",
    "service-role"         : "aws-elasticbeanstalk-service-role"
}